label,link
rabbit,"https://upload.wikimedia.org/wikipedia/commons/d/df/Eastern_Cottontail.JPG"
rabbit,"https://upload.wikimedia.org/wikipedia/commons/4/4f/Wild_rabbit_us.jpg"
rabbit,"https://www.massaudubon.org/var/ezdemo_site/storage/images/site_ma/learn/nature-wildlife/mammals/cottontail-rabbits/situations-solutions/176132-10-eng-US/situations-solutions.jpg"
rabbit,"https://www.welcomewildlife.com/wp-content/uploads/2019/01/Cottontail-%C2%A9-James-Chen-Shutterstock-scaled-e1640111841484.jpg"
rabbit,"https://i.natgeofe.com/k/58df97a7-5c47-44b8-97c1-cddecd7d4a4f/full-body-cottontail_4x3.jpg"
rabbit,"https://upload.wikimedia.org/wikipedia/commons/0/0f/Sylvilagus_audubonii_2.jpg"
rabbit,"https://northernnester.com/wp-content/uploads/2020/01/cottontail-rabbits.jpg"
rabbit,"https://www.reconnectwithnature.org/getmedia/04322096-c66a-49ad-8780-1d51ffeee519/Cottontail-rabbit-Shutterstock.jpg.aspx"
rabbit,"https://static.wikia.nocookie.net/wildkratts/images/1/12/Eastern_Cottontail_Rabbit_RL.PNG/revision/latest?cb=20191223185526"
rabbit,"https://portal.ct.gov/lib/deep/wildlife/images/outreach/fact_sheets/cottontail.jpg"
rabbit,"https://static01.nyt.com/images/2017/12/03/nyregion/03nature/03nature-facebookJumbo.jpg?year=2017&h=335&w=640&s=11620681800fe1a11ec9fba675bb413acb65fd5182c0e7059d63268e9b3812d6&k=ZQJBKqZ0VN"
rabbit,"https://nhpbs.org/wild/images/easterncottontailusfwlewisGorman.jpg"
rabbit,"https://images.squarespace-cdn.com/content/v1/546d61b5e4b049f0b10b95c5/1600191270521-K8R3WLBZ7EK8HXYR07ES/NewEnglandCottontail.jpg"
rabbit,"https://saltspringconservancy.ca/wp-content/uploads/2016/04/Eastern_Cottontail_MinniethePookie.jpg"
rabbit,"https://i.natgeofe.com/n/f811d768-b6a0-4655-bd25-83e3d4666b86/eastern-cottontail-rabbit_2x3.jpg"
rabbit,"https://www.venture-rv.com/vacation-planner/4-legged-critters/images/Eastern-Cottontail.jpg"
rabbit,"https://ofnc.ca/wp-content/uploads/2018/02/IMG_7029.jpg"
rabbit,"https://lafeber.com/vet/wp-content/uploads/Cottontail-rabbit-Donald-Hines.jpg"
rabbit,"https://dickinsoncountyconservationboard.com/wp-content/uploads/sites/2/2019/01/Cottontail_Rabbit_4445913041.jpg"
rabbit,"https://media.istockphoto.com/photos/eastern-cotton-tail-rabbit-tail-jumping-picture-id1192733058?k=20&m=1192733058&s=170667a&w=0&h=m-_5LYh3SHFkUBFPGpy7V3nFMKfm_1a4JWeazc7E_rg="
rabbit,"https://mdc.mo.gov/sites/default/files/styles/species_banner/public/mo_nature/media/images/2011/11/eastern_cottontail_11-15-11.jpg?h=4362216e&itok=tg0fXCth"
rabbit,"https://petkeen.com/wp-content/uploads/2021/04/mountain-cottontail-rabbit.jpg"
rabbit,"https://petkeen.com/wp-content/uploads/2021/02/New-England-cottontail-sitting-in-grass_Julie-rubacha_Shutterstock.jpg"
rabbit,"https://northernnester.com/wp-content/uploads/2019/10/cottontail-rabbits-characteristics.jpg"
rabbit,"https://farm66.staticflickr.com/65535/5121053852_86655e5b3d_b.jpg"
rabbit,"https://naturegroupie.org/sites/default/files/styles/max_1300x1300/public/images/featurestory_reportthatrabbit.png?itok=ZkhCtXSk"
rabbit,"https://www.naturalhistoryonthenet.com/wp-content/uploads/2016/12/Cottontail-Rabbit.jpg"
rabbit,"https://media-cldnry.s-nbcnews.com/image/upload/t_nbcnews-fp-1024-512,f_auto,q_auto:best/streams/2013/August/130807/6C8544572-130807-rabbit-tail-hmed-1050a.jpg"
rabbit,"https://animalstime.com/wp-content/uploads/2016/02/eastern-cottontail-rabbit-2.jpg"
rabbit,"https://nhpbs.org/wild/images/easterncottontailusfwfrankdoyle.jpg"
rabbit,"https://42796r1ctbz645bo223zkcdl-wpengine.netdna-ssl.com/wp-content/uploads/2018/09/7823437366_66f2b7e34d_b.jpg"
rabbit,"http://wild-facts.com/wp-content/uploads/2010/04/106442137_2eccfaddcb.jpg"
rabbit,"https://www.gannett-cdn.com/presto/2021/07/16/NNDN/70b13fa8-9fe9-4ea0-addb-f1a203269893-rabbit_tennis.jpg?auto=webp&crop=1999,1125,x0,y101&format=pjpg&width=1200"
rabbit,"https://vtfishandwildlife.com/sites/fishandwildlife/files/images/Learn%20More/VT%20Critters/VTFW-Eastern-Cottontail.jpg"
rabbit,"https://assets.atlasobscura.com/article_images/5159/image"
rabbit,"https://animalia.us-east-1.linodeobjects.com/animals/photos/full/1.25x1/new-england-cottontail-rabbit.jpg"
rabbit,"http://birdoculars.com/wp-content/uploads/2013/02/rabbit-1551117-640x480-1.jpg"
rabbit,"https://www.northwestwildlife.com/wp-content/uploads/2018/10/nuttals-cottontail-rabbit-700x443.png"
rabbit,"https://pixfeeds.com/images/24/549757/1200-547226928-eastern-cottontail-sitting-in-flower-garden.jpg"
rabbit,"https://herebunny.com/wp-content/uploads/2020/03/Eastern-Cottontail.jpg"
rabbit,"https://static.wikia.nocookie.net/parody/images/9/9d/Eastern_cottontail.jpg/revision/latest?cb=20141228160546"
rabbit,"https://preview.redd.it/2coygp9o81671.jpg?width=640&crop=smart&auto=webp&s=405930472882154a0bbeea5a48e6fecb150b9459"
rabbit,"https://cdn.pixabay.com/photo/2020/10/13/18/48/rabbit-5652587__340.jpg"
rabbit,"https://i0.wp.com/thedrewacorn.com/wp-content/uploads/2018/03/thing-link.jpg?fit=640%2C360&ssl=1"
rabbit,"https://preview.redd.it/cypx9phtut671.jpg?width=640&crop=smart&auto=webp&s=4691f6acd07d58940d87e21a072298cc3e78fecd"
rabbit,"https://mdc.mo.gov/sites/default/files/styles/card_regular/public/mo_nature/media/images/2010/05/swamp_rabbit.jpg?itok=W5rSaC1v"
hare,"https://upload.wikimedia.org/wikipedia/commons/4/44/Lepus_europaeus_%28Causse_M%C3%A9jean%2C_Loz%C3%A8re%29-cropped.jpg"
hare,"https://www.worldatlas.com/r/w1200/upload/aa/02/c2/european-hare.jpg"
hare,"https://animalia.us-east-1.linodeobjects.com/animals/photos/full/1.25x1/feldhase-im-w4tel.jpg"
hare,"https://site-539981.mozfiles.com/files/539981/medium/D7500_-_MHare_A1_-_22_9_2020.jpg"
hare,"https://i.pinimg.com/originals/7c/44/d9/7c44d9cb34ce4c760bbf3af32c02d433.jpg"
hare,"https://www.animalfunfacts.net/images/stories/photos/mammals/leporidae/european_hare/european_hare_l.jpg"
hare,"https://upload.wikimedia.org/wikipedia/commons/8/8c/European_Hare_2012-07-30_1.JPG"
hare,"http://www.wild-facts.com/wp-content/uploads/2011/06/696px-Feldhase_Schiermonnikoog.jpg"
hare,"https://www.animalfunfacts.net/images/stories/photos/mammals/leporidae/european_hare/european_hare_facts_l.jpg"
hare,"https://animalcorner.org/wp-content/uploads/2015/02/european-hare-1.jpg"
hare,"https://live.staticflickr.com/4749/40287411952_4c668fee0c_b.jpg"
hare,"https://cdn.britannica.com/46/1146-050-AF131F7D/jackrabbits-North-America-plains.jpg"
hare,"https://www.wildlifeonline.me.uk/assets/ugc/images/brown_hare_tboosey.jpg"
hare,"https://www.worldatlas.com/r/w1200/upload/72/74/62/shutterstock-1023603496.jpg"
hare,"https://images.fineartamerica.com/images/artworkimages/mediumlarge/1/amazing-wild-european-hare-close-up-sat-in-a-arable-field-simon-bratt-photography-lrps.jpg"
hare,"https://agriculture.vic.gov.au/__data/assets/image/0017/660014/Hare.jpg"
hare,"http://invasivespeciesireland.com/wp-content/uploads/2020/05/Silviu-Petrovan.png"
hare,"https://observation.org/media/photo/1051897.jpg"
hare,"https://bybio.files.wordpress.com/2018/03/963106a1-729c-4317-8818-1d5fedb08d36.jpeg"
hare,"https://i.pinimg.com/originals/44/cc/a5/44cca57e0f9922e9a49b2f13096ba299.jpg"
hare,"https://alpinestock.com/samples/Mjk3NTQyOWVkNWZlYTY0/ODMzMjllZDVmZWE2NA==/sitting-european-hare-(Lepus-europaeus).jpg"
hare,"https://observation.org/media/photo/26747285.jpg"
hare,"https://www.wildlifeonline.me.uk/assets/ugc/images/brown_hare_tboosey.jpg"
hare,"https://live.staticflickr.com/3194/2929177200_1d0a4832ba_c.jpg"
hare,"https://natureguelphtracking.files.wordpress.com/2014/06/june-2014-072.jpg"
hare,"https://animalia.us-east-1.linodeobjects.com/animals/photos/small/1x1/halljnes.jpg"
hare,"https://pm1.narvii.com/6785/0c276e429d4087cee7aedfc7be1e532ee1908455v2_hq.jpg"
hare,"https://www.waldwissen.net/assets/_processed_/4/2/csm_lwf_hasenhochzeit_teaser_373179a8e0.jpg"
hare,"https://i.pinimg.com/originals/78/92/c3/7892c3ab900090a2984e7f81b274714e.jpg"
hare,"https://animalia.us-east-1.linodeobjects.com/animals/photos/small/1x1/zayats-rusak-lepus-europaeus-brown-hare-div-zaek-feldhase.jpg"
hare,"https://upload.wikimedia.org/wikipedia/commons/f/f1/European_hare.jpg"
hare,"https://envato-shoebox-0.imgix.net/7147/7a57-7ba6-4fb4-af74-d09f7bf2323e/European+Hare+sitting+in+field+MB_L8431.jpg?auto=compress%2Cformat&fit=max&mark=https%3A%2F%2Felements-assets.envato.com%2Fstatic%2Fwatermark2.png&markalign=center%2Cmiddle&markalpha=18&w=700&s=c264ea7f0e3429f2f551f9685c5ede17"
hare,"https://inaturalist-open-data.s3.amazonaws.com/photos/10326/large.jpg"
hare,"https://di14q5sgut590.cloudfront.net/generated/a41f03e6-6790-45a2-98d8-98759567569f-270x240.jpg"
hare,"https://videohive.img.customer.envatousercontent.com/files/af9b79ab-4d89-4ded-bad8-cf868bb5fea0/inline_image_preview.jpg?auto=compress%2Cformat&fit=crop&crop=top&max-h=8000&max-w=590&s=e9034093175da2a63ab7221276dfb26b"
hare,"https://i.ytimg.com/vi/8hEKqUG-WVc/maxresdefault.jpg"
hare,"https://www.furfeatherandfin.com/media/wysiwyg/Blogs/hare1.jpg"
hare,"https://www.wildlifetrusts.org/sites/default/files/styles/node_hero_default/public/2017-12/DTi04_11042011_0472.jpg?h=88239a14&itok=noAhIpWV"
hare,"https://www.westend61.de/images/0001240663pw/european-hare-lepus-europaeus-leveret-elmley-marshes-national-nature-reserve-north-kent-marshes-isle-of-sheppey-kent-england-united-kingdom-europe-RHPLF04706.jpg"
